username,links,upvotes
DarkOdeon,https://www.reddit.com/user/DarkOdeon,20200
stirfryetet,https://www.reddit.com/user/stirfryetet,6700
fijistudios,https://www.reddit.com/user/fijistudios,5700
friedfish_7,https://www.reddit.com/user/friedfish_7,4600
Unpigmented,https://www.reddit.com/user/Unpigmented,4400
Rob_The_Editor,https://www.reddit.com/user/Rob_The_Editor,3400
Piecesofbits,https://www.reddit.com/user/Piecesofbits,3300
Cogarus,https://www.reddit.com/user/Cogarus,3300
irishluck667,https://www.reddit.com/user/irishluck667,3200
Weinstein312,https://www.reddit.com/user/Weinstein312,3000
CringyEvasive,https://www.reddit.com/user/CringyEvasive,2900
uaonthetrack,https://www.reddit.com/user/uaonthetrack,2600
iScream95,https://www.reddit.com/user/iScream95,2400
Rainin0317,https://www.reddit.com/user/Rainin0317,2400
MasonIsSoFat,https://www.reddit.com/user/MasonIsSoFat,2100
iFergYT,https://www.reddit.com/user/iFergYT,2000
Nick2700,https://www.reddit.com/user/Nick2700,1500
jontheeditor,https://www.reddit.com/user/jontheeditor,1400
Vishman1,https://www.reddit.com/user/Vishman1,1400
leeeniee,https://www.reddit.com/user/leeeniee,1400
Mynameisdiehard,https://www.reddit.com/user/Mynameisdiehard,2100
ThaRoastKing,https://www.reddit.com/user/ThaRoastKing,1300
KagerH20,https://www.reddit.com/user/KagerH20,1300
S2JT,https://www.reddit.com/user/S2JT,1100
heaberlin2010,https://www.reddit.com/user/heaberlin2010,1100
StreamDreamCream,https://www.reddit.com/user/StreamDreamCream,1100
Parkebob,https://www.reddit.com/user/Parkebob,1000
stormshieldonebot,https://www.reddit.com/user/stormshieldonebot,911
xRazihel,https://www.reddit.com/user/xRazihel,937
Shediwe,https://www.reddit.com/user/Shediwe,832
MotivatedGamers_YT,https://www.reddit.com/user/MotivatedGamers_YT,815
cacagween,https://www.reddit.com/user/cacagween,874
QuoteMasterLT,https://www.reddit.com/user/QuoteMasterLT,887
SuperWill93,https://www.reddit.com/user/SuperWill93,705
Dodoman0,https://www.reddit.com/user/Dodoman0,663
fridgeboi7,https://www.reddit.com/user/fridgeboi7,559
Vutuner,https://www.reddit.com/user/Vutuner,560
Loule95450,https://www.reddit.com/user/Loule95450,496
wynaut_23,https://www.reddit.com/user/wynaut_23,488
Piecesofbits,https://www.reddit.com/user/Piecesofbits,444
d0ct0rwh000,https://www.reddit.com/user/d0ct0rwh000,494
Kariyu,https://www.reddit.com/user/Kariyu,408
eyemanidiot,https://www.reddit.com/user/eyemanidiot,308
RandomBTTFGuy,https://www.reddit.com/user/RandomBTTFGuy,306
kripsykraem,https://www.reddit.com/user/kripsykraem,288
1ofthehumans,https://www.reddit.com/user/1ofthehumans,238
LeonDaChameL3on,https://www.reddit.com/user/LeonDaChameL3on,226
sarcie,https://www.reddit.com/user/sarcie,280
Junkertown,https://www.reddit.com/user/Junkertown,247
spaceshipguitar,https://www.reddit.com/user/spaceshipguitar,199
REQUISSE,https://www.reddit.com/user/REQUISSE,197
jposquig,https://www.reddit.com/user/jposquig,184
AbrahamHinken,https://www.reddit.com/user/AbrahamHinken,178
TheRealCynik,https://www.reddit.com/user/TheRealCynik,189
flapjack626,https://www.reddit.com/user/flapjack626,181
i7md99,https://www.reddit.com/user/i7md99,175
blake3dcake,https://www.reddit.com/user/blake3dcake,178
Teddy-Westsid3,https://www.reddit.com/user/Teddy-Westsid3,169
ChappyTheCommunist,https://www.reddit.com/user/ChappyTheCommunist,176
BeachSamurai,https://www.reddit.com/user/BeachSamurai,164
AutoModerator,https://www.reddit.com/user/AutoModerator,157
chosenxcod,https://www.reddit.com/user/chosenxcod,138
VoltOmega,https://www.reddit.com/user/VoltOmega,140
zxzzx9,https://www.reddit.com/user/zxzzx9,130
Fredo127,https://www.reddit.com/user/Fredo127,132
ThaRoastKing,https://www.reddit.com/user/ThaRoastKing,140
sam007mac,https://www.reddit.com/user/sam007mac,117
SeriouslyLucifer,https://www.reddit.com/user/SeriouslyLucifer,119
SeriouslyLucifer,https://www.reddit.com/user/SeriouslyLucifer,120
Khongster,https://www.reddit.com/user/Khongster,113
RHdivine,https://www.reddit.com/user/RHdivine,127
ThirdAve,https://www.reddit.com/user/ThirdAve,107
piZzAOfApiE,https://www.reddit.com/user/piZzAOfApiE,104
Brod3n,https://www.reddit.com/user/Brod3n,98
silkysmooth666,https://www.reddit.com/user/silkysmooth666,123
TazzzTM,https://www.reddit.com/user/TazzzTM,92
SeriouslyLucifer,https://www.reddit.com/user/SeriouslyLucifer,91
Wattias,https://www.reddit.com/user/Wattias,87
cj434a,https://www.reddit.com/user/cj434a,89
StormybladeFR,https://www.reddit.com/user/StormybladeFR,84
the_xiv,https://www.reddit.com/user/the_xiv,86
Sir_Kashur,https://www.reddit.com/user/Sir_Kashur,100
rallred84,https://www.reddit.com/user/rallred84,77
cj434a,https://www.reddit.com/user/cj434a,74
otheryugi,https://www.reddit.com/user/otheryugi,72
Itz_Just_Adrian,https://www.reddit.com/user/Itz_Just_Adrian,65
jen-st,https://www.reddit.com/user/jen-st,101
Piecesofbits,https://www.reddit.com/user/Piecesofbits,68
Ireallydownknowhey,https://www.reddit.com/user/Ireallydownknowhey,65
Rowlus,https://www.reddit.com/user/Rowlus,53
greeneggsandsamiam,https://www.reddit.com/user/greeneggsandsamiam,55
Gmb1t,https://www.reddit.com/user/Gmb1t,67
BlackStarGames69,https://www.reddit.com/user/BlackStarGames69,100
MrSpitfireJr,https://www.reddit.com/user/MrSpitfireJr,69
creemgarvy,https://www.reddit.com/user/creemgarvy,55
yungMap,https://www.reddit.com/user/yungMap,61
MetedIce,https://www.reddit.com/user/MetedIce,63
Westii199,https://www.reddit.com/user/Westii199,58
